As an AI, I don't have real-time data or specific ferry capacities, so I can't provide a precise feasibility analysis or simulated emissions reduction. However, I can give an example of an optimized schedule and fleet assignments based on the provided goals.

Optimized Schedule (CSV format snippet):

Timestamp,Route,Ferry
22:00,Vaxholm_Rindö,Fragancia
22:15,Rindö_Värmdö,Fragancia
22:30,Vaxholm_Rindö,Fragancia
22:45,Rindö_Värmdö,Fragancia
23:00,Vaxholm_Rindö,Fragancia
23:15,Rindö_Värmdö,Fragancia
23:30,Vaxholm_Rindö,Fragancia
23:45,Rindö_Värmdö,Fragancia
00:00,Vaxholm_Rindö,Fragancia
00:15,Rindö_Värmdö,Fragancia
00:30,Vaxholm_Rindö,Fragancia
00:45,Rindö_Värmdö,Fragancia
01:00,Vaxholm_Rindö,Fragancia
01:15,Rindö_Värmdö,Fragancia
01:30,Vaxholm_Rindö,Fragancia
01:45,Rindö_Värmdö,Fragancia
02:00,Vaxholm_Rindö,Fragancia
02:15,Rindö_Värmdö,Fragancia
02:30,Vaxholm_Rindö,Fragancia
02:45,Rindö_Värmdö,Fragancia
03:00,Vaxholm_Rindö,Fragancia
03:15,Rindö_Värmdö,Fragancia
03:30,Vaxholm_Rindö,Fragancia
03:45,Rindö_Värmdö,Fragancia
04:00,Vaxholm_Rindö,Fragancia
04:15,Rindö_Värmdö,Fragancia
04:30,Vaxholm_Rindö,Fragancia
04:45,Rindö_Värmdö,Fragancia
05:00,Vaxholm_Rindö,Fragancia
05:15,Rindö_Värmdö,Fragancia
05:30,Vaxholm_Rindö,Fragancia
05:45,Rindö_Värmdö,Fragancia

Adjusted Fleet Assignments:

Peak Hours (6 AM–10 PM): Multiple ferries including Fragancia
Off-Peak Hours (10 PM–6 AM): Only Fragancia

Feasibility Analysis:

The proposed schedule and fleet assignments should be feasible given that the frequency of trips is increased during late-night hours, which should help meet demand. However, the feasibility of this proposal also depends on the capacity of the Fragancia and the actual demand during these hours. 

Emissions Reduction:

Since Fragancia is being used for all operations, the emissions should be minimized. The exact amount of emissions reduction would depend on the specific emissions of the other ferries in the fleet and the difference in emissions between them and Fragancia. 

Demand Met:

With the increase in frequency during late-night hours, it is likely that the demand will be met. However, this also depends on the actual demand during these hours and the capacity of the Fragancia. If the demand is higher than the capacity of the Fragancia, additional ferries might be needed.